2024-12-08_09-48-33,COMP,draft.java:2024-12-08_09-48-33
2024-12-08_09-50-29,COMP,draft.java:2024-12-08_09-50-29
2024-12-08_09-50-37,COMP,draft.java:2024-12-08_09-50-29
2024-12-08_09-50-43,COMP,draft.java:2024-12-08_09-50-29
2024-12-08_09-50-55,COMP,draft.java:2024-12-08_09-50-55
2024-12-08_09-51-15,COMP,draft.java:2024-12-08_09-51-15
2024-12-08_09-51-43,COMP,draft.java:2024-12-08_09-51-43
2024-12-08_09-52-23,COMP,draft.java:2024-12-08_09-52-23
2024-12-08_09-53-28,COMP,draft.java:2024-12-08_09-53-28
2024-12-08_09-53-51,000%,draft.java:2024-12-08_09-53-51
2024-12-08_09-55-03,000%,draft.java:2024-12-08_09-55-03
2024-12-08_09-55-29,000%,draft.java:2024-12-08_09-55-29
2024-12-08_09-56-46,FREE,draft.java:2024-12-08_09-56-46
2024-12-08_09-57-51,000%,draft.java:2024-12-08_09-57-51
2024-12-08_09-58-07,000%,draft.java:2024-12-08_09-58-07
2024-12-08_09-58-31,000%,draft.java:2024-12-08_09-58-31
2024-12-08_09-58-45,000%,draft.java:2024-12-08_09-58-45
2024-12-08_10-00-19,FREE,draft.java:2024-12-08_09-58-45
2024-12-08_10-02-07,000%,draft.java:2024-12-08_10-02-07
2024-12-08_10-03-27,COMP,draft.java:2024-12-08_10-03-27
2024-12-08_10-03-36,000%,draft.java:2024-12-08_10-03-36
2024-12-08_10-03-47,000%,draft.java:2024-12-08_10-03-47
2024-12-08_10-04-55,000%,draft.java:2024-12-08_10-04-55
2024-12-08_10-05-08,000%,draft.java:2024-12-08_10-05-08
2024-12-08_10-05-40,000%,draft.java:2024-12-08_10-05-40
2024-12-08_10-06-26,000%,draft.java:2024-12-08_10-06-26
2024-12-08_10-07-13,000%,draft.java:2024-12-08_10-07-13
2024-12-08_10-07-49,COMP,draft.java:2024-12-08_10-07-49
2024-12-08_10-07-57,000%,draft.java:2024-12-08_10-07-57
2024-12-08_10-09-16,000%,draft.java:2024-12-08_10-09-16
2024-12-08_10-09-50,COMP,draft.java:2024-12-08_10-09-50
2024-12-08_10-10-01,COMP,draft.java:2024-12-08_10-10-01
2024-12-08_10-10-57,000%,draft.java:2024-12-08_10-10-57
2024-12-08_10-11-12,000%,draft.java:2024-12-08_10-11-12
2024-12-08_10-12-56,000%,draft.java:2024-12-08_10-11-12
2024-12-08_10-13-42,FREE,draft.java:2024-12-08_10-11-12
2024-12-08_10-22-44,100%,draft.java:2024-12-08_10-22-44
