2024-12-09_23-29-40,COMP,Shell.java:2024-12-09_23-29-40
2024-12-09_23-29-57,COMP,Shell.java:2024-12-09_23-29-57
2024-12-09_23-30-21,000%,Shell.java:2024-12-09_23-30-21
2024-12-09_23-33-53,COMP,Shell.java:2024-12-09_23-33-53
2024-12-09_23-34-06,COMP,Shell.java:2024-12-09_23-34-06
2024-12-09_23-34-24,000%,Shell.java:2024-12-09_23-34-24
2024-12-09_23-35-20,COMP,Shell.java:2024-12-09_23-35-20
2024-12-09_23-37-45,000%,Shell.java:2024-12-09_23-37-45
2024-12-10_07-43-01,000%,Shell.java:2024-12-09_23-37-45
2024-12-10_07-52-15,COMP,Shell.java:2024-12-10_07-52-15
2024-12-10_07-52-25,020%,Shell.java:2024-12-10_07-52-25
2024-12-10_07-54-28,COMP,Shell.java:2024-12-10_07-54-28
2024-12-10_07-54-41,020%,Shell.java:2024-12-10_07-54-41
2024-12-10_07-55-14,020%,Shell.java:2024-12-10_07-55-14
2024-12-10_07-55-40,COMP,Shell.java:2024-12-10_07-55-40
2024-12-10_07-56-35,COMP,Shell.java:2024-12-10_07-56-35
2024-12-10_07-57-34,020%,Shell.java:2024-12-10_07-57-34
2024-12-10_07-57-50,030%,Shell.java:2024-12-10_07-57-50
2024-12-10_08-00-01,COMP,Shell.java:2024-12-10_08-00-01
2024-12-10_08-00-12,030%,Shell.java:2024-12-10_08-00-12
2024-12-10_08-00-54,020%,Shell.java:2024-12-10_08-00-54
2024-12-10_08-01-25,020%,Shell.java:2024-12-10_08-01-25
2024-12-10_08-02-27,040%,Shell.java:2024-12-10_08-02-27
2024-12-10_08-04-19,070%,Shell.java:2024-12-10_08-04-19
2024-12-10_08-06-24,070%,Shell.java:2024-12-10_08-06-24
2024-12-10_08-10-09,100%,Shell.java:2024-12-10_08-10-09
