2024-12-07_11-28-32,000%,draft.java:2024-12-07_11-28-32
2024-12-07_11-28-57,000%,draft.java:2024-12-07_11-28-57
2024-12-07_11-29-46,000%,draft.java:2024-12-07_11-28-57
2024-12-07_11-31-10,000%,draft.java:2024-12-07_11-31-10
2024-12-07_11-33-12,000%,draft.java:2024-12-07_11-33-12
2024-12-07_11-33-34,000%,draft.java:2024-12-07_11-33-34
2024-12-07_11-34-29,000%,draft.java:2024-12-07_11-34-29
2024-12-07_11-35-01,000%,draft.java:2024-12-07_11-35-01
2024-12-07_11-36-58,000%,draft.java:2024-12-07_11-36-58
2024-12-07_11-37-31,000%,draft.java:2024-12-07_11-36-58
2024-12-07_11-38-44,000%,draft.java:2024-12-07_11-38-44
2024-12-07_11-41-07,COMP,draft.java:2024-12-07_11-41-07
2024-12-07_11-43-07,000%,draft.java:2024-12-07_11-43-07
2024-12-07_11-43-41,COMP,draft.java:2024-12-07_11-43-41
2024-12-07_11-44-02,000%,draft.java:2024-12-07_11-44-02
2024-12-07_11-44-29,000%,draft.java:2024-12-07_11-44-29
2024-12-07_11-44-44,100%,draft.java:2024-12-07_11-44-44
2024-12-07_11-44-57,100%,draft.java:2024-12-07_11-44-44
2024-12-07_11-45-01,FREE,draft.java:2024-12-07_11-44-44
2024-12-08_09-19-41,FREE,draft.java:2024-12-07_11-44-44
2024-12-08_09-20-22,100%,draft.java:2024-12-07_11-44-44
2024-12-08_09-20-28,FREE,draft.java:2024-12-07_11-44-44
2024-12-08_09-22-28,FREE,draft.java:2024-12-07_11-44-44
