2024-12-09_14-09-42,000%,draft.java:2024-12-09_14-09-42
2024-12-09_17-17-51,000%,draft.java:2024-12-09_17-17-51
2024-12-09_18-17-35,COMP,draft.java:2024-12-09_18-17-35
2024-12-09_18-17-50,COMP,draft.java:2024-12-09_18-17-50
2024-12-09_18-17-58,000%,draft.java:2024-12-09_18-17-58
2024-12-09_18-18-11,000%,draft.java:2024-12-09_18-18-11
2024-12-09_18-23-42,COMP,draft.java:2024-12-09_18-23-42
2024-12-09_18-24-50,000%,draft.java:2024-12-09_18-24-50
2024-12-09_18-25-40,012%,draft.java:2024-12-09_18-25-40
2024-12-09_18-28-59,012%,draft.java:2024-12-09_18-28-59
2024-12-09_18-30-58,012%,draft.java:2024-12-09_18-30-58
2024-12-09_18-42-49,012%,draft.java:2024-12-09_18-42-49
2024-12-09_18-43-29,COMP,draft.java:2024-12-09_18-43-29
2024-12-09_18-43-40,COMP,draft.java:2024-12-09_18-43-40
2024-12-09_18-43-55,012%,draft.java:2024-12-09_18-43-55
2024-12-09_18-52-49,012%,draft.java:2024-12-09_18-52-49
2024-12-09_18-53-30,COMP,draft.java:2024-12-09_18-53-30
2024-12-09_18-53-40,012%,draft.java:2024-12-09_18-53-40
2024-12-09_18-53-57,012%,draft.java:2024-12-09_18-53-57
2024-12-09_18-54-40,012%,draft.java:2024-12-09_18-54-40
2024-12-09_18-55-19,075%,draft.java:2024-12-09_18-55-19
2024-12-09_18-56-11,075%,draft.java:2024-12-09_18-56-11
2024-12-09_18-56-47,075%,draft.java:2024-12-09_18-56-47
2024-12-09_18-57-20,075%,draft.java:2024-12-09_18-57-20
2024-12-09_18-57-39,087%,draft.java:2024-12-09_18-57-39
2024-12-09_19-05-56,087%,draft.java:2024-12-09_18-57-39
2024-12-09_19-06-19,087%,draft.java:2024-12-09_19-06-19
2024-12-09_19-06-40,087%,draft.java:2024-12-09_19-06-40
2024-12-09_19-07-09,100%,draft.java:2024-12-09_19-07-09
